STN,x,y
1,102.5219698,2.10332208
2,102.5218711,2.103377335
3,102.5219444,2.103509786
4,102.5220519,2.103449608
5,102.5220181,2.103341405
